{
  "dependencies": {
    "mssql1": {
      "secretStore": null,
      "resourceId": "/subscriptions/[parameters('subscriptionId')]/resourceGroups/[parameters('resourceGroupName')]/providers/Microsoft.Sql/servers/akhondsqlserver/databases/akhondlab4",
      "type": "mssql.azure",
      "connectionId": "ConnectionStrings:DefaultConnection"
    },
    "mssql2": {
      "secretStore": null,
      "resourceId": "/subscriptions/[parameters('subscriptionId')]/resourceGroups/[parameters('resourceGroupName')]/providers/Microsoft.Sql/servers/akhondsqlserver/databases/Assignment2",
      "type": "mssql.azure",
      "connectionId": "ConnectionStrings:DefaultDBConnection"
    }
  }
}